EventName,TicketType,Quantity,Price
2019 Oscar Nominated Short Films: Animation,Adult,153,1383.75
2019 Oscar Nominated Short Films: Animation,Child,10,67.5
2019 Oscar Nominated Short Films: Animation,Comp,4,0.0
2019 Oscar Nominated Short Films: Animation,Member,4,0.0
2019 Oscar Nominated Short Films: Animation,Senior Citizen,88,709.25
2019 Oscar Nominated Short Films: Animation,Student,81,651.5
2019 Oscar Nominated Short Films: Animation,Supporter Admission,2,10.0
"A Bread Factory, Part One",Adult,6,60.0
"A Bread Factory, Part One",Member Screening,24,0.0
"A Bread Factory, Part Two",Adult,5,50.0
"A Bread Factory, Part Two",Member Screening,25,0.0
A Faithful Man ,Adult,9,90.0
A Faithful Man ,Member Screening,10,0.0
A Fantastic Woman,Adult,166,1573.75
A Fantastic Woman,Comp,1,0.0
A Fantastic Woman,Member,8,0.0
A Fantastic Woman,Senior Citizen,94,761.25
A Fantastic Woman,Student,54,446.5
A Ghost Story,Adult,242,2226.0
A Ghost Story,Member,2,0.0
A Ghost Story,Senior Citizen,108,840.0
A Ghost Story,Student,59,474.75
A Goofy Movie,Comp,218,0.0
A Hard Day's Night,Adult,70,560.0
A Hard Day's Night,Comp,1,0.0
A League of Their Own,Adult,40,400.0
A League of Their Own,Member,2,0.0
A League of Their Own,Student,2,17.0
A Man Called Ove,Adult,254,2332.5
A Man Called Ove,Child,2,13.0
A Man Called Ove,Comp,6,0.0
A Man Called Ove,Member,8,0.0
A Man Called Ove,Senior Citizen,427,3311.0
A Man Called Ove,Student,38,309.0
A Matter of Life and Death,Adult,22,220.0
A Matter of Life and Death,Comp,2,0.0
A Matter of Life and Death,Member,7,0.0
A Matter of Life and Death,Senior Citizen,9,76.5
A Matter of Life and Death,Student,4,34.0
A Quiet Passion,Adult,127,1089.75
A Quiet Passion,Comp,4,0.0
A Quiet Passion,Senior Citizen,265,2016.5
A Quiet Passion,Student,26,204.0
A Quiet Place,Adult,145,1173.5
A Quiet Place,Member,5,0.0
A Quiet Place,Senior,1,8.0
A Quiet Place,Student,6,48.0
A Quiet Place,Supporter Admission,1,5.0
A United Kingdom,Adult,205,1847.25
A United Kingdom,Child,5,32.5
A United Kingdom,Comp,4,0.0
A United Kingdom,Member,1,0.0
A United Kingdom,Senior Citizen,246,1905.5
A United Kingdom,Student,44,349.5
After Auschwitz,Adult,79,790.0
After Auschwitz,Series Pass,10,0.0
Akira,Adult,322,2576.0
Akira,Comp,1,0.0
Ali: Fear Eats The Soul,Adult,12,120.0
Ali: Fear Eats The Soul,Comp,1,0.0
Ali: Fear Eats The Soul,Member,3,0.0
Ali: Fear Eats The Soul,Senior Citizen,7,57.75
Ali: Fear Eats The Soul,Student,2,17.0
Ali: Fear Eats The Soul,Supporter Admission,2,10.0
Alien,Adult,140,1120.0
Alien,Comp,5,0.0
Alien,Member,1,0.0
Alive and Kicking,Adult,36,351.0
Alive and Kicking,Child,3,19.5
Alive and Kicking,Senior Citizen,13,104.0
Alive and Kicking,Student,15,123.75
All Is True,Adult,53,500.0
All Is True,Comp,1,0.0
All Is True,Member,2,0.0
All Is True,Senior Citizen,115,935.0
All Is True,Student,6,50.5
All Is True,Supporter Admission,1,5.0
All Nite Movie Marathon,Adult,23,276.0
All Nite Movie Marathon,All Nite Pass,39,585.0
All Nite Movie Marathon,Comp,1,0.0
All Nite Movie Marathon,Member,2,0.0
All That Heaven Allows,Adult,21,210.0
All That Heaven Allows,Member,3,0.0
All That Heaven Allows,Senior Citizen,7,57.75
All That Heaven Allows,Student,3,25.5
All That Heaven Allows,Supporter Admission,2,10.0
All the Queen's Horses,Adult,104,977.5
All the Queen's Horses,Comp,5,0.0
All the Queen's Horses,Member,7,0.0
All the Queen's Horses,Senior Citizen,146,1183.25
All the Queen's Horses,Student,16,134.5
All-Nite Horror Marathon V,Adult,73,1444.0
All-Nite Horror Marathon VI,All Nite Pass,21,420.0
All-Nite Horror Marathon VI,Shocktober Pass Admission,5,0.0
Amadeus: The Director's Cut,Adult,58,580.0
Amadeus: The Director's Cut,Comp,3,0.0
Amadeus: The Director's Cut,Member,3,0.0
Amadeus: The Director's Cut,Senior Citizen,13,110.5
Amadeus: The Director's Cut,Student,23,195.5
Amazing Grace,Adult,185,1787.5
Amazing Grace,Child,6,40.5
Amazing Grace,Comp,11,0.0
Amazing Grace,Member,2,0.0
Amazing Grace,Senior Citizen,235,1922.0
Amazing Grace,Student,37,309.0
Amazing Grace,Supporter Admission,1,5.0
American Woman,Adult,35,310.75
American Woman,Comp,1,0.0
American Woman,Discount,31,186.0
American Woman,Member,3,0.0
American Woman,Senior,24,192.0
American Woman,Senior Citizen,42,346.5
American Woman,Student,4,33.5
American Woman,Supporter Admission,2,10.0
An Evening With Linnea Quigley,Adult,64,960.0
An Evening With Linnea Quigley,Member,2,25.0
Ancien and the Magic Tablet,Adult,41,389.25
Ancien and the Magic Tablet,Child,2,13.0
Ancien and the Magic Tablet,Member,3,0.0
Ancien and the Magic Tablet,Senior,1,7.5
Ancien and the Magic Tablet,Senior Citizen,4,32.0
Ancien and the Magic Tablet,Student,72,591.75
Andrei Rublev,Adult,24,240.0
Andrei Rublev,Member,3,0.0
Andrei Rublev,Senior Citizen,7,57.75
Andrei Rublev,Student,7,59.5
Anna and the Apocalypse,Adult,61,488.0
Anna and the Apocalypse,Member,2,0.0
Annihilation,Adult,168,1406.5
Annihilation,Member,3,0.0
Annihilation,Senior,5,40.0
Annihilation,Senior Citizen,6,49.5
Annihilation,Student,15,125.0
Apollo 11,Adult,81,778.75
Apollo 11,Child,3,20.25
Apollo 11,Comp,5,0.0
Apollo 11,Member,4,0.0
Apollo 11,Senior Citizen,47,382.75
Apollo 11,Student,29,237.0
Aquarius ,Adult,24,240.0
Aquarius ,Comp,45,0.0
Arrival,Adult,125,1011.25
Arrival,Child,2,13.0
Arrival,Member,3,0.0
Arrival,Senior,35,262.5
Arrival,Student,14,105.0
Ask Dr. Ruth,Adult,21,210.0
Ask Dr. Ruth,Member,4,0.0
Ask Dr. Ruth,Senior Citizen,6,49.5
Ask Dr. Ruth,Student,6,51.0
At Eternity's Gate,Adult,277,2633.75
At Eternity's Gate,Comp,17,0.0
At Eternity's Gate,Member,8,0.0
At Eternity's Gate,Senior Citizen,374,3040.0
At Eternity's Gate,Student,53,443.5
At Eternity's Gate,Supporter Admission,3,15.0
Audition,Adult,61,488.0
Audition,Comp,4,0.0
Audition,Member,3,0.0
Batman: The Movie,Adult,146,1168.0
Beatriz at Dinner,Adult,63,588.75
Beatriz at Dinner,Comp,2,0.0
Beatriz at Dinner,Member,2,0.0
Beatriz at Dinner,Senior Citizen,61,472.0
Beatriz at Dinner,Student,16,127.5
Before Night Falls,Adult,3,30.0
Before Night Falls,Comp,2,0.0
Before Night Falls,Member Screening,4,0.0
Before We Vanish,Adult,65,520.0
Before We Vanish,Member,3,0.0
Belladonna of Sadness,Adult,71,568.0
Belladonna of Sadness,Comp,3,0.0
Belle De Jour,Adult,31,310.0
Belle De Jour,Comp,1,0.0
Belle De Jour,Member,4,0.0
Belle De Jour,Senior Citizen,11,90.75
Belle De Jour,Student,10,85.0
Belle De Jour,Supporter Admission,1,5.0
Beyond the Valley of the Dolls,Adult,43,344.0
Beyond the Valley of the Dolls,Comp,1,0.0
Beyond the Valley of the Dolls,Member,3,0.0
Bicycle Thieves,Adult,16,160.0
Bicycle Thieves,Child,1,6.75
Bicycle Thieves,Member,6,0.0
Bicycle Thieves,Senior Citizen,20,165.0
Bicycle Thieves,Student,7,59.5
Big,Adult,11,107.25
Big,Child,3,24.0
Big,Senior Citizen,2,15.5
Big,Student,1,8.25
Bike Movie Night,Adult,4,40.0
Birds of Passage,Adult,25,238.75
Birds of Passage,Member Screening,9,0.0
Birds of Passage,Senior Citizen,7,56.0
Birds of Passage,Student,6,48.0
Bisbee '17,Adult,18,180.0
Bisbee '17,Member,3,0.0
Bisbee '17,Senior Citizen,15,123.75
Bisbee '17,Student,7,59.5
BlacKkKlansman,Adult,879,8389.0
BlacKkKlansman,Child,2,13.5
BlacKkKlansman,Comp,23,0.0
BlacKkKlansman,Double Feature,15,105.0
BlacKkKlansman,Group,25,175.0
BlacKkKlansman,Member,12,0.0
BlacKkKlansman,Senior Citizen,449,3645.75
BlacKkKlansman,Student,310,2588.0
BlacKkKlansman,Supporter Admission,4,20.0
Black Clover,Adult,13,126.75
Black Clover,Comp,1,0.0
Black Clover,Senior Citizen,1,8.0
Black Clover,Student,13,107.25
Black Girl,Adult,37,360.75
Black Girl,Child,1,6.5
Black Girl,Senior Citizen,13,104.0
Black Girl,Student,19,156.75
Blade,Adult,22,214.5
Blade,Child,3,19.5
Blade,Senior Citizen,3,24.0
Blade,Student,8,66.0
Blade Runner,Adult,355,2843.0
Blade Runner,Comp,1,0.0
Blade Runner,Member,1,0.0
Blade Runner,Student,2,15.0
Blade Runner 2049,Adult,128,1024.0
Blade Runner 2049,Member,3,0.0
Blaze,Adult,50,483.75
Blaze,Child,1,6.75
Blaze,Member,4,0.0
Blaze,Senior Citizen,30,242.75
Blaze,Student,13,106.5
Blindspotting,Adult,114,1070.0
Blindspotting,Comp,4,0.0
Blindspotting,Member,4,0.0
Blindspotting,Senior Citizen,58,468.5
Blindspotting,Student,27,224.5
Blockers,Comp,1,0.0
Blue Collar,Adult,33,264.0
Blue Collar,Comp,2,0.0
Blue Collar,Member,2,0.0
Bombshell: The Hedy Lamarr Story,Adult,80,750.0
Bombshell: The Hedy Lamarr Story,Child,1,6.75
Bombshell: The Hedy Lamarr Story,Comp,1,0.0
Bombshell: The Hedy Lamarr Story,Member,7,0.0
Bombshell: The Hedy Lamarr Story,Senior Citizen,110,905.25
Bombshell: The Hedy Lamarr Story,Student,5,40.5
Bombshell: The Hedy Lamarr Story,Supporter Admission,1,5.0
Bones,Adult,2,16.0
Bones,Comp,1,0.0
Booksmart,Adult,209,1829.25
Booksmart,Comp,8,0.0
Booksmart,Senior Citizen,21,170.75
Booksmart,Student,33,277.5
Booksmart,Supporter Admission,2,10.0
Border,Adult,101,941.25
Border,Comp,2,0.0
Border,Member,7,0.0
Border,Senior Citizen,24,195.5
Border,Student,24,200.5
Boy and the World,Smart Kids Comp,117,0.0
Boyz n the Hood,Adult,5,43.75
Boyz n the Hood,Member,1,0.0
Boyz n the Hood,Senior Citizen,3,24.0
Boyz n the Hood,Student,6,48.0
Brain Damage,Adult,20,160.0
Brain Damage,Comp,1,0.0
Brain Damage,Member,2,0.0
Brazil,Adult,41,328.0
Brazil,Comp,1,0.0
Brazil,Member,3,0.0
Burning,Adult,51,473.75
Burning,Comp,2,0.0
Burning,Member,4,0.0
Burning,Senior Citizen,4,32.5
Burning,Student,22,180.5
Butch Cassidy and the Sundance Kid,Adult,21,210.0
Butch Cassidy and the Sundance Kid,Child,1,6.75
Butch Cassidy and the Sundance Kid,Member,4,0.0
Butch Cassidy and the Sundance Kid,Senior Citizen,8,66.0
Butch Cassidy and the Sundance Kid,Student,10,85.0
Butch Cassidy and the Sundance Kid,Supporter Admission,2,10.0
Buy Me a Gun,Adult,10,87.5
Buy Me a Gun,Member,2,0.0
Buy Me a Gun,Senior Citizen,1,8.0
Buy Me a Gun,Student,4,32.0
Cafe Society,Adult,412,3727.5
Cafe Society,Comp,5,0.0
Cafe Society,Member,5,0.0
Cafe Society,Senior Citizen,442,3398.0
Cafe Society,Student,99,794.25
Cairo in One Breath,Adult,50,500.0
Cairo in One Breath,Student,24,192.0
Cameraperson,Adult,12,120.0
Can You Ever Forgive Me?,Adult,395,3721.25
Can You Ever Forgive Me?,Comp,3,0.0
Can You Ever Forgive Me?,Member,7,0.0
Can You Ever Forgive Me?,Senior Citizen,462,3731.25
Can You Ever Forgive Me?,Student,47,392.5
Can You Ever Forgive Me?,Supporter Admission,1,5.0
Candyman,Adult,28,224.0
Candyman,Member,3,0.0
Cape Fear,Adult,58,466.0
Cape Fear,Comp,7,0.0
Cape Fear,Senior,7,52.5
Capernaum,Adult,86,823.75
Capernaum,Comp,6,0.0
Capernaum,Member,3,0.0
Capernaum,Senior Citizen,67,546.5
Capernaum,Student,39,326.5
Capernaum,Supporter Admission,1,5.0
Carmen Jones,Adult,16,160.0
Carmen Jones,Comp,1,0.0
Carmen Jones,Member,5,0.0
Carmen Jones,Senior Citizen,16,132.0
Casablanca,Adult,462,4318.0
Casablanca,Comp,4,0.0
Casablanca,Member,4,0.0
Casablanca,Senior Citizen,28,231.0
Casablanca,Student,66,561.0
CatVideoFest 2018,Adult,160,1526.25
CatVideoFest 2018,Child,28,189.0
CatVideoFest 2018,Member,5,0.0
CatVideoFest 2018,Senior Citizen,54,441.25
CatVideoFest 2018,Student,41,343.0
CatVideoFest 2018,Supporter Admission,2,10.0
Cemetery Without Crosses,Adult,13,104.0
Certain Women,Adult,92,816.0
Certain Women,Comp,1,0.0
Certain Women,Member,3,0.0
Certain Women,Senior Citizen,93,715.5
Certain Women,Student,26,204.75
Chavela,Adult,34,340.0
Chavela,Comp,3,0.0
Chavela,Senior Citizen,16,136.0
Chavela,Student,23,195.5
Children of Men,Adult,69,552.0
Children of Men,Comp,2,0.0
Children of Men,Member,2,0.0
Chimes at Midnight,Adult,4,40.0
Chimes at Midnight,Comp,39,0.0
Chimes at Midnight,Member,15,0.0
Christine,Adult,19,152.0
Christine,Comp,1,0.0
Christine,Member,2,0.0
Climax,Adult,32,256.0
Climax,Member,2,0.0
Close Encounters of the Third Kind,Adult,36,360.0
Close Encounters of the Third Kind,Comp,3,0.0
Close Encounters of the Third Kind,Member,2,0.0
Close Encounters of the Third Kind,Senior Citizen,7,59.5
Close Encounters of the Third Kind,Student,4,34.0
Cold War,Adult,197,1863.75
Cold War,Comp,6,0.0
Cold War,Member,3,0.0
Cold War,Senior Citizen,125,1011.75
Cold War,Student,61,510.0
Cold War,Supporter Admission,5,25.0
Colossal,Adult,174,1626.0
Colossal,Comp,2,0.0
Colossal,Senior Citizen,36,280.5
Colossal,Student,41,331.5
Columbus,Adult,162,1486.5
Columbus,Comp,6,0.0
Columbus,Member,5,0.0
Columbus,Senior Citizen,200,1541.0
Columbus,Student,37,299.25
Columbus,Supporter Admission,2,10.0
Cooley High,Adult,8,78.0
Cooley High,Comp,1,0.0
Cooley High,Senior Citizen,2,16.0
Crooklyn,Adult,3,30.0
Crooklyn,Member,3,0.0
Crooklyn,Senior Citizen,6,49.5
Damsel,Adult,29,256.25
Damsel,Comp,2,0.0
Damsel,Member,4,0.0
Damsel,Senior Citizen,17,137.0
Damsel,Student,7,58.0
Darkest Hour,Adult,434,3799.5
Darkest Hour,Child,4,26.0
Darkest Hour,Comp,3,0.0
Darkest Hour,Member,12,0.0
Darkest Hour,Senior Citizen,400,3048.5
Darkest Hour,Student,64,504.75
Daughters of the Dust,Adult,33,321.75
Daughters of the Dust,Child,1,6.5
Daughters of the Dust,Senior Citizen,23,184.0
Daughters of the Dust,Student,28,231.0
Dawn of the Dead,Adult,32,256.0
Dawson City: Frozen Time,Adult,29,290.0
Dawson City: Frozen Time,Comp,17,0.0
Dawson City: Frozen Time,Member,17,0.0
Deconstructing the Beatles' Revolver,Adult,41,410.0
Deconstructing the Beatles' Revolver,Student,2,16.0
Deconstructing the Beatles' Sgt. Pepper,Adult,64,640.0
Deconstructing the Beatles' Sgt. Pepper,Student,4,32.0
Deconstructing the Beatles' White Album,Adult,19,190.0
Deconstructing the Beatles' White Album,Senior Citizen,18,153.0
Deconstructing the Beatles' White Album,Student,3,25.5
Deconstructing the Beatles: 1963 Yeah! Yeah! Yeah!,Adult,17,170.0
Deconstructing the Beatles: 1963 Yeah! Yeah! Yeah!,Senior Citizen,5,41.25
Deconstructing the Beatles: 1963 Yeah! Yeah! Yeah!,Student,1,8.5
Deconstructing the Birth of the Beatles,Adult,28,280.0
Deconstructing the Birth of the Beatles,Senior Citizen,18,148.5
Deconstructing the Birth of the Beatles,Student,3,25.5
Deep Red,Adult,48,384.0
Deep Red,Member,1,0.0
Deep Red,Supporter Admission,3,15.0
Demon,Adult,71,568.0
Demon,Comp,1,0.0
Denial,Adult,74,666.0
Denial,Member,4,0.0
Denial,Senior Citizen,110,846.0
Denial,Student,21,161.25
Destroyer,Adult,28,231.5
Destroyer,Member,1,0.0
Destroyer,Senior,11,88.0
Devotion,Adult,3,24.0
Dilili in Paris,Smart Kids Comp,42,0.0
Dirty Dancing,Adult,16,128.0
Dirty Dancing,Comp,1,0.0
Dirty Dancing,Member,1,0.0
Disobedience,Adult,98,951.25
Disobedience,Comp,3,0.0
Disobedience,Member,3,0.0
Disobedience,Senior Citizen,64,522.25
Disobedience,Student,25,209.5
Do the Right Thing,Adult,49,392.0
Do the Right Thing,Member,1,0.0
Dog Day Afternoon,Adult,54,433.5
Dog Day Afternoon,Member,4,0.0
Dog Day Afternoon,Senior,2,15.0
Dog Day Afternoon,Student,4,30.0
Dolores,Adult,51,510.0
Dolores,Comp,4,0.0
Dolores,Discount,13,97.5
Dolores,Member,8,0.0
Dolores,Senior Citizen,22,187.0
Dolores,Student,51,433.5
Don't Think Twice,Adult,627,5787.75
Don't Think Twice,Comp,6,0.0
Don't Think Twice,Member,16,0.0
Don't Think Twice,Senior Citizen,181,1399.5
Don't Think Twice,Student,179,1440.75
Donnie Darko,Adult,331,2648.0
Donnie Darko,Comp,4,0.0
Donnie Darko,Member,1,0.0
Don’t Look Now,Adult,34,272.0
Don’t Look Now,Comp,2,0.0
Don’t Look Now,Member,3,0.0
Dr. Jekyll and Mr. Hyde,Adult,59,708.0
Dr. Jekyll and Mr. Hyde,Comp,1,0.0
Dr. Jekyll and Mr. Hyde,Member,4,40.0
Dreaming of a Jewish Christmas,Adult,60,600.0
Dreaming of a Jewish Christmas,Series Pass,12,0.0
Echo In The Canyon,Adult,67,630.0
Echo In The Canyon,Comp,5,0.0
Echo In The Canyon,Discount,26,156.0
Echo In The Canyon,Member,3,0.0
Echo In The Canyon,Senior Citizen,120,975.5
Echo In The Canyon,Student,5,41.5
Echo In The Canyon,Supporter Admission,1,5.0
Edge of Seventeen,Comp,1,0.0
El Mar La Mar,Adult,9,90.0
El Mar La Mar,Member,3,0.0
Elle,Adult,57,521.25
Elle,Member,1,0.0
Elle,Senior Citizen,23,178.5
Elle,Student,43,348.75
Empire of the Ants,Adult,24,240.0
Empire of the Ants,Comp,1,0.0
Empire of the Ants,Member,6,0.0
Empire of the Ants,Senior Citizen,2,17.0
Empire of the Ants,Student,3,25.5
Endless Poetry,Adult,80,780.0
Endless Poetry,Comp,2,0.0
Endless Poetry,Senior Citizen,2,16.0
Endless Poetry,Student,26,214.5
Eraserhead,Adult,110,880.0
Eraserhead,Member,7,0.0
Ernest Scared Stupid,Comp,31,0.0
Eugene Onegin,Comp,1,0.0
Eugene Onegin,Member,6,0.0
Eugene Onegin,NTL Member,15,187.5
Eugene Onegin,NTL Non-Member,30,540.0
Everglades of the North,Comp,246,0.0
Ex Libris: The New York Public Library,Adult,43,430.0
Ex Libris: The New York Public Library,Comp,43,0.0
Ex Libris: The New York Public Library,Member,18,0.0
Ex Machina,Adult,41,410.0
Ex Machina,Comp,1,0.0
Ex Machina,Member,3,0.0
Ex Machina,Senior Citizen,8,68.0
Ex Machina,Student,17,144.5
Faces Places,Adult,75,686.25
Faces Places,Comp,2,0.0
Faces Places,Member,1,0.0
Faces Places,Senior Citizen,41,317.0
Faces Places,Special Class Discount,9,45.0
Faces Places,Student,20,158.25
Faces Places,Supporter Admission,1,5.0
Fanny and Alexander,Adult,10,100.0
Fanny and Alexander,Comp,2,0.0
Fanny and Alexander,Member,2,0.0
Fanny and Alexander,Senior Citizen,22,181.5
Fanny and Alexander,Student,8,68.0
Femme Frontera Filmmaker Showcase,Adult,20,200.0
Femme Frontera Filmmaker Showcase,Comp,1,0.0
Femme Frontera Filmmaker Showcase,Member,2,0.0
Femme Frontera Filmmaker Showcase,Senior Citizen,4,34.0
Femme Frontera Filmmaker Showcase,Student,22,187.0
Film Stars Don't Die in Liverpool,Adult,87,823.75
Film Stars Don't Die in Liverpool,Member,10,0.0
Film Stars Don't Die in Liverpool,Senior Citizen,106,861.75
Film Stars Don't Die in Liverpool,Student,9,74.0
Filmworker,Adult,20,200.0
Filmworker,Member Screening,19,0.0
First Man,Comp,2,0.0
First Reformed,Adult,493,4635.0
First Reformed,Comp,3,0.0
First Reformed,Member,10,0.0
First Reformed,Senior Citizen,437,3529.75
First Reformed,Student,54,448.5
First Reformed,Supporter Admission,2,10.0
Flashdance,Adult,9,72.0
Flashdance,Member,1,0.0
Flower and Sword,Adult,51,1020.0
Foreign Body,Adult,4,40.0
Foreign Body,Comp,5,0.0
Foreign Body,Member,4,0.0
Foreign Body,Senior Citizen,4,33.0
Foreign Body,Student,2,17.0
"Found Footage Festival, Vol. 8",Adult,106,1060.0
"Found Footage Festival, Vol. 8",Comp,2,0.0
Found Footage Festival: Cherished Gems,Adult,128,1536.0
Found Footage Festival: Cherished Gems,Senior Citizen,14,112.0
Found Footage Festival: Cherished Gems,Student,51,408.0
Frantz,Adult,31,267.75
Frantz,Senior Citizen,72,548.0
Frantz,Student,8,63.75
Free Solo,Adult,396,3657.5
Free Solo,Child,18,121.5
Free Solo,Comp,10,0.0
Free Solo,Member,5,0.0
Free Solo,Senior Citizen,95,769.0
Free Solo,Student,129,1062.5
Gadget Girls & ’63 Boycott w/ Risé Sanders-Weir & Gordon Quinn,Adult,7,70.0
Gadget Girls & ’63 Boycott w/ Risé Sanders-Weir & Gordon Quinn,Comp,2,0.0
Gadget Girls & ’63 Boycott w/ Risé Sanders-Weir & Gordon Quinn,Member,3,0.0
Gadget Girls & ’63 Boycott w/ Risé Sanders-Weir & Gordon Quinn,Senior Citizen,6,51.0
Gadget Girls & ’63 Boycott w/ Risé Sanders-Weir & Gordon Quinn,Student,2,17.0
Ganja & Hess,Adult,5,40.0
Ganja & Hess,Comp,2,0.0
Ganja & Hess,Member,2,0.0
Gattaca,Adult,70,700.0
Gattaca,Comp,2,0.0
Gattaca,Member,4,0.0
Gattaca,Senior Citizen,17,144.5
Gattaca,Student,17,144.5
George A. Romero Double Feature,Adult,23,276.0
George A. Romero Double Feature,Comp,4,0.0
Get Out,Adult,84,672.0
Get Out,Comp,247,0.0
Get Out,Member,4,0.0
Ghost Stories,Adult,97,776.0
Ghost Stories,Comp,5,0.0
Ghost Stories,Member,2,0.0
Giant Little Ones,Adult,17,160.0
Giant Little Ones,Member,3,0.0
Giant Little Ones,Senior Citizen,8,64.5
Giant Little Ones,Student,7,56.0
Gimme Danger,Adult,97,776.0
Girlhood,Adult,11,107.25
Girlhood,Senior Citizen,1,8.0
Girlhood,Student,4,33.0
Grace Jones: Bloodlight and Bami,Adult,16,150.0
Grace Jones: Bloodlight and Bami,Comp,3,0.0
Grace Jones: Bloodlight and Bami,Member,3,0.0
Grace Jones: Bloodlight and Bami,Senior Citizen,3,24.5
Grace Jones: Bloodlight and Bami,Student,5,42.0
Grease,Adult,50,500.0
Grease,Comp,8,0.0
Gremlins,Adult,39,312.0
Gremlins,Comp,3,0.0
Gremlins,Member,1,0.0
Groundhog Day,Adult,26,208.0
Hagazussa,Adult,34,272.0
Hagazussa,Comp,3,0.0
Hagazussa,Member,2,0.0
Hail Satan?,Adult,76,693.75
Hail Satan?,Comp,5,0.0
Hail Satan?,Member,5,0.0
Hail Satan?,Senior Citizen,17,137.75
Hail Satan?,Student,24,196.0
Hail Satan?,Supporter Admission,2,10.0
Halloween (1978),Adult,93,744.0
Halloween (2018),Adult,17,141.25
Halloween (2018),Comp,6,0.0
Happy Death Day,Comp,246,0.0
Hard to Be a God,Adult,64,640.0
Hard to Be a God,Comp,2,0.0
Harvey,Adult,69,690.0
Harvey,Student,8,64.0
Have A Nice Day (Hao ji le),Adult,42,336.0
Have A Nice Day (Hao ji le),Comp,2,0.0
Have A Nice Day (Hao ji le),Member,2,0.0
Have a Nice Day,Adult,21,210.0
Have a Nice Day,Senior Citizen,3,24.75
Have a Nice Day,Student,3,25.5
Henry: Portrait of a Serial Killer,Adult,40,320.0
Henry: Portrait of a Serial Killer,Member,3,0.0
Hereditary,Adult,79,632.0
Hereditary,Comp,3,0.0
Hereditary,Member,1,0.0
High Life ,Adult,49,428.75
High Life ,Comp,2,0.0
High Life ,Member,2,0.0
High Life ,Senior Citizen,7,56.0
High Life ,Student,12,96.0
Holiday Heart,Adult,11,110.0
Holiday Heart,Child,1,6.75
Holiday Heart,Member,3,0.0
Holiday Heart,Senior Citizen,10,82.5
Holiday Heart,Student,11,93.5
Holiday Heart,Supporter Admission,1,5.0
Hot Summer Nights,Adult,25,200.0
Hot Summer Nights,Comp,1,0.0
Hot Summer Nights,Member,3,0.0
Hotel by the River,Adult,8,70.0
Hotel by the River,Member,5,0.0
Hotel by the River,Senior Citizen,11,88.0
Hotel by the River,Student,3,24.0
How to Talk to Girls at Parties,Adult,59,472.0
How to Talk to Girls at Parties,Comp,1,0.0
How to Talk to Girls at Parties,Member,2,0.0
Hunt for the Wilderpeople,Adult,412,3645.0
Hunt for the Wilderpeople,Child,21,136.5
Hunt for the Wilderpeople,Comp,8,0.0
Hunt for the Wilderpeople,Member,3,0.0
Hunt for the Wilderpeople,Senior Citizen,184,1403.0
Hunt for the Wilderpeople,Student,103,798.75
I Am Cuba,Comp,139,0.0
I Am Not Your Negro,Adult,682,6147.5
I Am Not Your Negro,Child,4,26.0
I Am Not Your Negro,Comp,2,0.0
I Am Not Your Negro,Member,18,0.0
I Am Not Your Negro,Senior Citizen,268,2095.5
I Am Not Your Negro,Student,209,1685.25
I Am Not a Witch,Adult,6,60.0
I Am Not a Witch,Member Screening,13,0.0
"I, Daniel Blake",Adult,52,475.5
"I, Daniel Blake",Senior Citizen,70,545.0
"I, Daniel Blake",Student,15,122.25
"I, Tonya",Adult,113,916.25
"I, Tonya",Child,3,19.5
"I, Tonya",Member,4,0.0
"I, Tonya",Senior,28,210.0
"I, Tonya",Student,10,75.0
If Beale Street Could Talk,Adult,438,3988.75
If Beale Street Could Talk,Comp,22,0.0
If Beale Street Could Talk,Member,10,0.0
If Beale Street Could Talk,Senior Citizen,234,1885.75
If Beale Street Could Talk,Student,141,1158.0
If Beale Street Could Talk,Supporter Admission,4,20.0
In Transit,Adult,48,480.0
In Transit,Comp,20,0.0
In Transit,Member,21,0.0
In the Fade,Adult,63,603.75
In the Fade,Member,7,0.0
In the Fade,Senior Citizen,44,354.25
In the Fade,Student,21,173.25
Indiana Jones and the Last Crusade,Adult,151,1215.5
Indiana Jones and the Last Crusade,Child,3,19.5
Indiana Jones and the Last Crusade,Comp,1,0.0
Indiana Jones and the Last Crusade,Member,1,0.0
Indiana Jones and the Last Crusade,Senior,3,22.5
Indiana Jones and the Last Crusade,Student,2,15.0
Indignation,Adult,268,2463.0
Indignation,Comp,7,0.0
Indignation,Member,17,0.0
Indignation,Senior Citizen,397,3066.5
Indignation,Student,82,660.0
Isle of Dogs,Adult,1120,10653.0
Isle of Dogs,Child,53,357.75
Isle of Dogs,Comp,16,0.0
Isle of Dogs,Member,20,0.0
Isle of Dogs,Senior Citizen,237,1921.75
Isle of Dogs,Student,537,4496.0
Ixcanul,Adult,48,480.0
Ixcanul,Member - Special Event,11,93.5
Jackie,Adult,893,8030.25
Jackie,Child,1,6.5
Jackie,Comp,3,0.0
Jackie,Member,13,0.0
Jackie,Senior Citizen,779,5955.5
Jackie,Student,203,1620.0
Jaws: The Revenge,Adult,11,88.0
Jaws: The Revenge,Comp,1,0.0
Jaws: The Revenge,Member,2,0.0
Jimi Hendrix Electric Church,Adult,44,417.5
Jimi Hendrix Electric Church,Comp,1,0.0
Jimi Hendrix Electric Church,Member,5,0.0
Jimi Hendrix Electric Church,Senior Citizen,24,194.5
Jimi Hendrix Electric Church,Student,4,33.5
"Juliet, Naked",Adult,162,1537.5
"Juliet, Naked",Comp,4,0.0
"Juliet, Naked",Member,5,0.0
"Juliet, Naked",Senior Citizen,105,849.75
"Juliet, Naked",Student,25,207.5
"Juliet, Naked",Supporter Admission,1,5.0
Jurassic Park,Adult,66,528.0
K2 and the Invisible Footmen,Adult,1,9.75
K2 and the Invisible Footmen,Comp,2,0.0
Kedi,Adult,510,4573.5
Kedi,Child,36,234.0
Kedi,Comp,2,0.0
Kedi,Member,7,0.0
Kedi,Senior Citizen,248,1886.0
Kedi,Student,206,1641.0
Keep Quiet,Adult,32,320.0
Keep Quiet,Student,2,16.0
Kiki's Delivery Service,Adult,96,768.0
Kiki's Delivery Service,Member,4,0.0
Kiki's Delivery Service,Smart Kids Comp,2,0.0
Killer of Sheep,Adult,14,140.0
Killer of Sheep,Member,5,0.0
Killer of Sheep,Senior Citizen,1,8.25
Killer of Sheep,Student,3,25.5
Killer of Sheep,Supporter Admission,1,5.0
Kirikou the Scorcess,Smart Kids Comp,94,0.0
Kiss Me Deadly,Adult,63,506.0
Kiss Me Deadly,Comp,9,0.0
Kiss Me Deadly,Senior,8,60.0
Labyrinth,Adult,149,1218.25
Labyrinth,Child,2,13.0
Labyrinth,Comp,9,0.0
Labyrinth,Member,4,0.0
Labyrinth,Student,3,24.75
Lady Bird,Adult,303,2759.25
Lady Bird,Comp,8,0.0
Lady Bird,Member,4,0.0
Lady Bird,Senior Citizen,131,1004.5
Lady Bird,Student,180,1437.0
Lady Macbeth,Adult,126,1119.0
Lady Macbeth,Comp,1,0.0
Lady Macbeth,Member,1,0.0
Lady Macbeth,Senior Citizen,148,1139.0
Lady Macbeth,Student,25,198.75
Landline,Adult,37,348.75
Landline,Senior Citizen,10,76.5
Landline,Student,13,105.75
Late Night,Adult,69,660.0
Late Night,Child,1,6.75
Late Night,Comp,9,0.0
Late Night,Member,1,0.0
Late Night,Senior Citizen,74,603.25
Late Night,Student,10,83.0
Late Night,Supporter Admission,2,10.0
Lean on Pete,Adult,255,2396.25
Lean on Pete,Child,3,20.25
Lean on Pete,Member,5,0.0
Lean on Pete,Senior Citizen,279,2253.75
Lean on Pete,Student,22,183.0
Lean on Pete,Supporter Admission,1,5.0
Leaning Into the Wind: Andy Goldsworthy,Adult,74,682.5
Leaning Into the Wind: Andy Goldsworthy,Child,2,13.5
Leaning Into the Wind: Andy Goldsworthy,Comp,1,0.0
Leaning Into the Wind: Andy Goldsworthy,Member,6,0.0
Leaning Into the Wind: Andy Goldsworthy,Senior Citizen,30,242.0
Leaning Into the Wind: Andy Goldsworthy,Student,8,64.5
Lemon,Adult,14,136.5
Lemon,Comp,1,0.0
Lemon,Member,1,0.0
Lemon,Senior Citizen,1,8.0
Lemon,Student,5,41.25
Let the Corpses Tan,Adult,17,136.0
Let the Corpses Tan,Comp,1,0.0
Let the Corpses Tan,Member,1,0.0
"Life, Animated",Adult,94,904.5
"Life, Animated",Comp,2,0.0
"Life, Animated",Member,1,0.0
"Life, Animated",Senior Citizen,77,614.5
"Life, Animated",Student,23,189.0
Lion,Adult,351,3171.75
Lion,Child,8,52.0
Lion,Comp,5,0.0
Lion,Member,15,0.0
Lion,Senior Citizen,315,2411.0
Lion,Student,72,576.75
Little Men,Adult,28,238.5
Little Men,Member,3,0.0
Little Men,Senior Citizen,18,138.5
Little Men,Student,7,54.0
Little Woods,Adult,5,50.0
Little Woods,Comp,2,0.0
Little Woods,Member Screening,8,0.0
Liyana,Smart Kids Comp,68,0.0
Lo and Behold: Reveries of the Connected World,Adult,49,455.25
Lo and Behold: Reveries of the Connected World,Child,2,13.0
Lo and Behold: Reveries of the Connected World,Comp,3,0.0
Lo and Behold: Reveries of the Connected World,Senior Citizen,16,125.0
Lo and Behold: Reveries of the Connected World,Student,19,149.25
Lobster,Adult,74,592.0
Lobster,Comp,2,0.0
Logan,Adult,112,560.0
Long Day's Journey Into Night,Adult,34,330.0
Long Day's Journey Into Night,Member,3,0.0
Long Day's Journey Into Night,Senior Citizen,16,130.5
Long Day's Journey Into Night,Student,13,109.0
Long Day's Journey Into Night,Supporter Admission,2,10.0
Longing and Belonging: Live Action Short Films,Smart Kids Comp,55,0.0
Loving,Adult,700,6283.5
Loving,Child,2,13.0
Loving,Comp,3,0.0
Loving,Member,17,0.0
Loving,Senior Citizen,533,4093.5
Loving,Student,204,1611.0
Loving Vincent,Adult,889,7815.75
Loving Vincent,Child,27,175.5
Loving Vincent,Comp,6,0.0
Loving Vincent,Member,16,0.0
Loving Vincent,Senior Citizen,647,4928.5
Loving Vincent,Student,372,2905.5
Loving Vincent,Supporter Admission,4,20.0
Luce,Adult,14,122.5
Luce,Member,1,0.0
Luce,Senior Citizen,8,64.0
L’Atalante,Adult,13,130.0
L’Atalante,Member,5,0.0
L’Atalante,Senior Citizen,6,49.5
L’Atalante,Student,4,34.0
Mad Max: Fury Road,Adult,81,405.0
Made In Cuba: Short Film Program,Adult,31,310.0
Made In Cuba: Short Film Program,Comp,1,0.0
Made In Cuba: Short Film Program,Member,3,0.0
Made In Cuba: Short Film Program,Senior Citizen,18,153.0
Made In Cuba: Short Film Program,Student,8,68.0
Madeline's Madeline,Adult,11,105.0
Madeline's Madeline,Comp,1,0.0
Madeline's Madeline,Member,3,0.0
Madeline's Madeline,Senior Citizen,2,16.25
Madeline's Madeline,Student,2,16.5
Maiden,Adult,60,572.5
Maiden,Child,4,27.0
Maiden,Comp,1,0.0
Maiden,Discount,27,162.0
Maiden,Member,1,0.0
Maiden,Senior Citizen,62,505.25
Maiden,Student,2,16.5
Maiden,Supporter Admission,2,10.0
Manchester by the Sea,Adult,644,5854.5
Manchester by the Sea,Child,4,26.0
Manchester by the Sea,Comp,4,0.0
Manchester by the Sea,Member,26,0.0
Manchester by the Sea,Senior Citizen,486,3741.0
Manchester by the Sea,Student,135,1085.25
Mandy,Adult,166,1359.5
Mandy,Member,3,0.0
Mandy,Student,10,80.0
Maria by Callas,Adult,34,300.0
Maria by Callas,Child,2,13.5
Maria by Callas,Comp,3,0.0
Maria by Callas,Member,3,0.0
Maria by Callas,Senior Citizen,68,546.0
Maria by Callas,Student,8,66.0
Marjorie Prime,Adult,68,619.5
Marjorie Prime,Child,1,6.5
Marjorie Prime,Member,5,0.0
Marjorie Prime,Senior Citizen,89,683.5
Marjorie Prime,Student,25,198.0
Marlina the Murderer in Four Acts,Adult,29,244.75
Marlina the Murderer in Four Acts,Member,4,0.0
Marlina the Murderer in Four Acts,Senior Citizen,4,33.0
Marlina the Murderer in Four Acts,Student,5,42.0
Mary Magdalene,Adult,46,438.75
Mary Magdalene,Comp,2,0.0
Mary Magdalene,Member,1,0.0
Mary Magdalene,Senior Citizen,67,547.0
Mary Magdalene,Student,4,33.5
Mary Queen of Scots,Adult,340,3167.5
Mary Queen of Scots,Child,1,6.75
Mary Queen of Scots,Comp,13,0.0
Mary Queen of Scots,Member,5,0.0
Mary Queen of Scots,Senior Citizen,334,2697.25
Mary Queen of Scots,Student,47,392.5
Mary Queen of Scots,Supporter Admission,1,5.0
Mary and the Witch's Flower,Adult,286,2668.5
Mary and the Witch's Flower,Child,32,208.0
Mary and the Witch's Flower,Comp,4,0.0
Mary and the Witch's Flower,Member,4,0.0
Mary and the Witch's Flower,Senior Citizen,14,108.0
Mary and the Witch's Flower,Student,180,1449.0
Mass Incarceration: An Animated Series,Comp,1,0.0
Maximum Overdrive,Adult,39,312.0
Maximum Overdrive,Comp,1,0.0
Maximum Overdrive,Member,2,0.0
McKellen: Playing the Part,Adult,16,160.0
McKellen: Playing the Part,Comp,11,0.0
McKellen: Playing the Part,Member Screening,14,0.0
McQueen,Adult,3,30.0
McQueen,Comp,1,0.0
McQueen,Member Screening,5,0.0
Meeting Gorbachev,Adult,40,362.5
Meeting Gorbachev,Comp,7,0.0
Meeting Gorbachev,Member,6,0.0
Meeting Gorbachev,Mogul,2,0.0
Meeting Gorbachev,Senior Citizen,48,390.0
Meeting Gorbachev,Student,12,98.5
Meeting Gorbachev,Supporter Admission,1,5.0
Meeting the Man: James Baldwin in Paris / Ornette: Made in America,Adult,4,40.0
Meeting the Man: James Baldwin in Paris / Ornette: Made in America,Member Screening,8,0.0
Menashe,Adult,92,846.0
Menashe,Member,4,0.0
Menashe,Senior Citizen,116,896.5
Menashe,Student,21,168.0
Mi vida dentro,Adult,10,100.0
Mi vida dentro,Member,3,0.0
Mi vida dentro,Senior Citizen,6,49.5
Mi vida dentro,Student,13,110.5
Mia Madre,Adult,16,132.0
Mia Madre,Member,1,0.0
Mia Madre,Senior Citizen,8,60.0
Mia Madre,Student,6,45.0
Midsommar,Adult,358,3470.0
Midsommar,Child,1,6.75
Midsommar,Comp,14,0.0
Midsommar,Member,6,0.0
Midsommar,Mogul,1,0.0
Midsommar,Senior Citizen,24,195.0
Midsommar,Student,148,1249.5
Midsommar,Supporter Admission,2,10.0
Minding the Gap,Adult,15,150.0
Minding the Gap,Comp,1,0.0
Minding the Gap,Member,5,0.0
Minding the Gap,Senior Citizen,7,57.75
Minding the Gap,Student,7,59.5
Mirai,Adult,69,647.5
Mirai,Child,9,60.75
Mirai,Comp,3,0.0
Mirai,Member,5,0.0
Mirai,Senior Citizen,11,89.25
Mirai,Student,52,433.0
Miss Sharon Jones!,Adult,32,286.5
Miss Sharon Jones!,Senior Citizen,16,123.0
Miss Sharon Jones!,Student,5,37.5
Mississippi Masala,Comp,6,0.0
"Monrovia, Indiana",Adult,7,70.0
"Monrovia, Indiana",Member Screening,17,0.0
Monterey Pop,Adult,72,720.0
Monterey Pop,Comp,1,0.0
Monterey Pop,Member,1,0.0
Monterey Pop,Student,3,24.0
Monty Python and the Holy Grail,Adult,51,468.75
Monty Python and the Holy Grail,Child,5,32.5
Monty Python and the Holy Grail,Member,1,0.0
Monty Python and the Holy Grail,Senior Citizen,2,15.5
Monty Python and the Holy Grail,Student,20,162.75
Moonlight,Adult,1091,9968.25
Moonlight,Comp,3,0.0
Moonlight,Member,31,0.0
Moonlight,Senior Citizen,443,3388.5
Moonlight,Student,644,5202.75
More Blood!,Comp,2,0.0
Morris from America,Adult,35,333.75
Morris from America,Senior Citizen,16,125.0
Morris from America,Student,17,139.5
Mortal Kombat,Comp,152,0.0
Moses and Aaron,Comp,7,0.0
Mountainfilm 2017,Adult,231,2310.0
Mountainfilm 2017,Benefactor,14,700.0
Mountainfilm 2019,Adult,208,2080.0
Mountainfilm 2019,Benefactor,11,550.0
Mr. Gaga,Adult,59,590.0
Mr. Gaga,Student,3,24.0
Multiple Maniacs,Adult,50,400.0
Multiple Maniacs,Comp,2,0.0
My Cousin Rachel,Adult,236,2125.5
My Cousin Rachel,Child,1,6.5
My Cousin Rachel,Comp,1,0.0
My Cousin Rachel,Member,3,0.0
My Cousin Rachel,Senior Citizen,349,2675.0
My Cousin Rachel,Student,20,158.25
My Neighbor Totoro,Adult,176,1408.0
My Neighbor Totoro,Smart Kids Comp,282,0.0
NYICFF Best of the Fest,Smart Kids Comp,134,0.0
Nancy,Adult,21,168.0
Nancy,Comp,1,0.0
Nancy,Member,5,0.0
National Theatre Live: Follies,NTL Member,8,100.0
National Theatre Live: Follies,NTL Non-Member,55,990.0
National Theatre Live: Julie,NTL Non-Member,6,108.0
National Theatre Live: The Threepenny Opera,Comp,2,0.0
National Theatre Live: The Threepenny Opera,NTL Member,11,137.5
National Theatre Live: The Threepenny Opera,NTL Non-Member,18,324.0
National Theatre Live: Yerma,Comp,1,0.0
National Theatre Live: Yerma,NTL Member,3,37.5
National Theatre Live: Yerma,NTL Non-Member,26,468.0
Nausicaä of the Valley of the Wind,Adult,92,920.0
Nausicaä of the Valley of the Wind,Comp,1,0.0
Nausicaä of the Valley of the Wind,Member,3,0.0
Nausicaä of the Valley of the Wind,Senior Citizen,8,66.0
Nausicaä of the Valley of the Wind,Student,57,484.5
Neruda,Adult,54,540.0
Neruda,Comp,15,0.0
Neruda,Member,15,0.0
Night of the Living Dead,Adult,30,240.0
Nise: The Heart of Madness,Adult,24,229.5
Nise: The Heart of Madness,Senior Citizen,19,150.5
Nise: The Heart of Madness,Student,11,90.75
No Man's Land,Comp,2,0.0
No Man's Land,NTL Member,30,375.0
No Man's Land,NTL Non-Member,59,1062.0
Non-Fiction ,Adult,39,375.0
Non-Fiction ,Member,4,0.0
Non-Fiction ,Senior Citizen,48,391.75
Non-Fiction ,Student,15,126.5
Non-Fiction ,Supporter Admission,3,15.0
Norman,Adult,193,1779.75
Norman,Member,3,0.0
Norman,Senior Citizen,426,3277.5
Norman,Student,29,234.0
Nosferatu + Live Score by the Invincible Czars,Adult,179,2148.0
Nosferatu + Live Score by the Invincible Czars,Comp,5,0.0
Nosferatu + Live Score by the Invincible Czars,Member - Special Event,27,270.0
Novitiate,Adult,45,398.25
Novitiate,Comp,2,0.0
Novitiate,Member,11,0.0
Novitiate,Senior Citizen,50,383.5
Novitiate,Student,2,15.75
Obit.,Adult,33,330.0
Obit.,Comp,17,0.0
Obit.,Member,6,0.0
Ocean Waves,Adult,41,338.25
Ocean Waves,Senior Citizen,10,75.0
Ocean Waves,Student,26,195.0
Oh Lucy!,Adult,49,453.75
Oh Lucy!,Member,4,0.0
Oh Lucy!,Senior Citizen,33,266.25
Oh Lucy!,Student,6,49.5
Okko’s Inn,Adult,22,192.5
Okko’s Inn,Child,3,20.25
Okko’s Inn,Member,3,0.0
Okko’s Inn,Senior Citizen,5,40.0
Okko’s Inn,Student,5,40.0
On the Beach at Night Alone,Adult,27,270.0
On the Beach at Night Alone,Member,6,0.0
On the Beach at Night Alone,Senior Citizen,4,34.0
On the Beach at Night Alone,Student,15,127.5
One More Time with Feeling,Adult,75,750.0
One More Time with Feeling,Member - Special Event,3,25.5
One Week and a Day,Adult,90,900.0
One Week and a Day,Student,4,32.0
Ophelia,Adult,21,183.75
Ophelia,Comp,1,0.0
Ophelia,Discount,11,66.0
Ophelia,Member,3,0.0
Ophelia,Senior Citizen,30,240.0
Ophelia,Student,9,72.0
Oscar Trivia Night,Adult,60,420.0
Our Heavenly Bodies,Adult,59,590.0
Paddington 2,Smart Kids Comp,90,0.0
Pasolini,Adult,12,112.5
Pasolini,Member,2,0.0
Pasolini,Senior Citizen,20,161.5
Pasolini,Student,6,49.0
Pasolini,Supporter Admission,1,5.0
Paterson,Adult,387,3459.75
Paterson,Child,2,13.0
Paterson,Comp,4,0.0
Paterson,Member,18,0.0
Paterson,Senior Citizen,357,2727.0
Paterson,Student,120,962.25
Pavarotti,Adult,79,760.0
Pavarotti,Comp,7,0.0
Pavarotti,Member,6,0.0
Pavarotti,Senior Citizen,351,2861.5
Pavarotti,Student,10,84.5
Pavarotti,Supporter Admission,2,10.0
Persona,Adult,46,460.0
Persona,Comp,4,0.0
Persona,Member,4,0.0
Persona,Senior Citizen,13,107.25
Persona,Student,15,127.5
Pet Sematary,Adult,24,192.0
Pet Sematary,Member,1,0.0
Pet Sematary,Mogul,1,0.0
Phantasm,Adult,25,200.0
Phantasm,Comp,2,0.0
Phantasm,Member,1,0.0
Phantom Thread,Adult,518,4665.0
Phantom Thread,Child,3,19.5
Phantom Thread,Comp,7,0.0
Phantom Thread,Member,21,0.0
Phantom Thread,Senior Citizen,240,1841.0
Phantom Thread,Student,151,1197.75
Phantom Thread,Supporter Admission,1,5.0
Phantom of the Paradise,Adult,66,528.0
Plus One,Adult,21,190.0
Plus One,Comp,2,0.0
Plus One,Member,4,0.0
Plus One,Senior Citizen,10,80.0
Plus One,Student,4,34.0
Police Story,Adult,45,366.0
Police Story,Child,2,13.5
Police Story,Comp,3,0.0
Police Story,Member,5,0.0
Police Story,Student,1,8.0
Polyester ,Adult,26,208.0
Polyester ,Comp,4,0.0
Polyester ,Member,3,0.0
Possession,Adult,75,600.0
Prom Night,Adult,15,120.0
Prom Night,Member,4,0.0
Punch-Drunk Love,Adult,25,200.0
Punch-Drunk Love,Comp,2,0.0
R.S.,Adult,102,1530.0
RBG,Adult,1120,10492.5
RBG,Child,52,351.0
RBG,Comp,9,0.0
RBG,Member,19,0.0
RBG,Senior Citizen,966,7810.25
RBG,Student,209,1733.5
RBG,Supporter Admission,6,30.0
Rafiki,Adult,34,331.25
Rafiki,Comp,2,0.0
Rafiki,Member,2,0.0
Rafiki,Senior Citizen,16,130.75
Rafiki,Student,10,82.5
Raw,Comp,102,0.0
Red Joan,Adult,84,758.75
Red Joan,Comp,6,0.0
Red Joan,Member,3,0.0
Red Joan,Senior Citizen,179,1436.5
Red Joan,Student,8,64.5
Red Joan,Supporter Admission,2,10.0
Retablo,Adult,11,96.25
Retablo,Member,1,0.0
Retablo,Senior Citizen,12,96.0
Retablo,Student,3,24.0
Revenge,Adult,52,440.0
Revenge,Comp,1,0.0
Revenge,Member,2,0.0
Revenge,Senior Citizen,1,8.25
Revenge,Student,2,17.0
Robot & Frank,Adult,18,180.0
Robot & Frank,Comp,1,0.0
Robot & Frank,Member,5,0.0
Robot & Frank,Student,5,42.5
Rogers Park,Adult,28,280.0
Rogers Park,Member,4,0.0
Rogers Park,Senior Citizen,16,136.0
Rogers Park,Student,8,68.0
Rollerball,Adult,13,104.0
Rollerball,Comp,1,0.0
Rollerball,Member,2,0.0
Roma,Adult,201,1882.5
Roma,Child,2,13.5
Roma,Comp,11,0.0
Roma,Member,4,0.0
Roma,Senior Citizen,222,1799.25
Roma,Student,51,420.5
Roma,Supporter Admission,3,15.0
Rosa Chumbe,Adult,19,190.0
Rosa Chumbe,Member,2,0.0
Rosa Chumbe,Senior Citizen,7,59.5
Rosa Chumbe,Student,2,17.0
Rosemary's Baby,Adult,120,960.0
Rosemary's Baby,Comp,8,0.0
Rubber,Adult,56,448.0
Rubber,Comp,1,0.0
Rubber,Member,3,0.0
Ruben Blades is Not My Name,Adult,5,50.0
Ruben Blades is Not My Name,Senior Citizen,2,16.5
Ruben Blades is Not My Name,Student,3,25.5
"Ruben Brandt, Collector",Adult,30,278.75
"Ruben Brandt, Collector",Comp,4,0.0
"Ruben Brandt, Collector",Member,5,0.0
"Ruben Brandt, Collector",Senior Citizen,19,153.25
"Ruben Brandt, Collector",Student,16,132.0
Santa Sangre,Adult,62,620.0
Santa Sangre,Member,1,0.0
Santa Sangre,Senior Citizen,3,25.5
Santa Sangre,Student,31,263.5
Satan & Adam,Adult,1,10.0
Satan & Adam,Member Screening,6,0.0
Saving Brinton,Adult,24,240.0
Saving Brinton,Comp,1,0.0
Saving Brinton,Member - Special Event,7,56.0
Scarlet Diva,Adult,6,48.0
Scarlet Diva,Comp,1,0.0
Scarlet Diva,Member,1,0.0
Science Fair,Adult,14,122.5
Science Fair,Child,9,60.75
Science Fair,Comp,1,0.0
Science Fair,Member,1,0.0
Science Fair,Senior Citizen,10,80.0
Science Fair,Student,4,32.0
Science Fair,Supporter Admission,1,5.0
Science on Screen: Bombshell: The Hedy Lamarr Story,Adult,2,20.0
Selma,Adult,13,126.75
Selma,Student,2,16.5
Sex Work Activism: Body Politics and Human Rights,Comp,1,0.0
Shadow,Adult,70,678.75
Shadow,Comp,4,0.0
Shadow,Member,3,0.0
Shadow,Senior Citizen,19,156.25
Shadow,Student,9,75.5
Shalom Bollywood: The Untold Story of Indian Cinema,Adult,87,870.0
Shalom Bollywood: The Untold Story of Indian Cinema,Series Pass,6,0.0
Shoplifters,Adult,176,1650.0
Shoplifters,Comp,10,0.0
Shoplifters,Member,8,0.0
Shoplifters,Senior Citizen,60,485.0
Shoplifters,Student,80,659.5
Shoplifters,Supporter Admission,2,10.0
Silence,Adult,1,9.75
Silence,Senior Citizen,2,16.0
Skate Kitchen,Adult,20,191.25
Skate Kitchen,Member,3,0.0
Skate Kitchen,Senior Citizen,2,16.5
Skate Kitchen,Student,4,33.5
Slice,Adult,20,163.0
Slice,Member,3,0.0
Slice,Student,3,24.0
Slice,Supporter Admission,1,5.0
Smart 'n Spooky Kids,Comp,187,0.0
Solaris,Adult,134,1340.0
Solaris,Comp,4,0.0
Sonita,Adult,52,520.0
Sonita,Student,6,48.0
Sorry to Bother You,Adult,870,8053.75
Sorry to Bother You,Child,5,33.75
Sorry to Bother You,Comp,12,0.0
Sorry to Bother You,Member,6,0.0
Sorry to Bother You,Senior Citizen,162,1313.75
Sorry to Bother You,Student,224,1872.5
Sorry to Bother You,Supporter Admission,5,25.0
Space Jam,Adult,111,891.75
Space Jam,Child,3,19.5
Space Jam,Senior,2,15.0
Space Jam,Student,6,45.0
Space is the Place,Adult,31,248.0
Space is the Place,Comp,2,0.0
Space is the Place,Member,3,0.0
Speak Up,Adult,3,26.25
Speak Up,Member,1,0.0
Stalker,Adult,197,1970.0
Stalker,Comp,1,0.0
Stan & Ollie,Adult,45,393.75
Stan & Ollie,Comp,10,0.0
Stan & Ollie,Member,3,0.0
Stan & Ollie,Senior Citizen,67,536.0
Stan & Ollie,Student,4,32.0
Starving the Beast,Comp,1,0.0
Stefan Zweig: Farewell to Europe,Adult,96,960.0
Stefan Zweig: Farewell to Europe,Student,3,24.0
Step,$5 Discount,25,125.0
Step,Adult,51,468.75
Step,Child,9,58.5
Step,Senior Citizen,35,273.5
Step,Student,43,345.0
Stop Making Sense,Adult,139,1390.0
Stop Making Sense,Student,23,184.0
Studio 54,Adult,28,267.5
Studio 54,Member,3,0.0
Studio 54,Senior Citizen,12,97.75
Studio 54,Student,5,42.0
Summer 1993,Adult,8,80.0
Summer 1993,Member Screening,14,0.0
Summer of 84,Adult,26,208.0
Summer of 84,Comp,3,0.0
Summer of 84,Member,1,0.0
Summer with Monika,Adult,19,190.0
Summer with Monika,Comp,2,0.0
Summer with Monika,Double Feature,6,48.0
Summer with Monika,Member,5,0.0
Summer with Monika,Senior Citizen,7,57.75
Summer with Monika,Student,9,76.5
Summer with Monika,Supporter Admission,1,5.0
Superman,Adult,26,208.5
Superman,Member,2,0.0
Superman,Senior,2,15.0
Suspiria (1977),Adult,93,930.0
Suspiria (1977),Comp,1,0.0
Suspiria (1977),Member,2,0.0
Suspiria (1977),Senior Citizen,6,51.0
Suspiria (1977),Student,20,170.0
Suspiria (2018),Adult,264,2235.25
Suspiria (2018),Comp,4,0.0
Suspiria (2018),Member,4,0.0
Suspiria (2018),Senior,16,128.0
Suspiria (2018),Senior Citizen,1,8.25
Suspiria (2018),Student,33,271.5
Sustainable,Comp,1,0.0
Sword of Trust,Adult,30,282.5
Sword of Trust,Comp,2,0.0
Sword of Trust,Discount,12,72.0
Sword of Trust,Member Screening,26,0.0
Sword of Trust,Senior Citizen,12,97.0
Sword of Trust,Student,1,8.0
T2 Trainspotting,Adult,34,324.0
T2 Trainspotting,Comp,2,0.0
T2 Trainspotting,Member,1,0.0
T2 Trainspotting,Senior Citizen,9,71.0
T2 Trainspotting,Student,22,180.0
Tales From The Hood,Adult,22,176.0
Tales From The Hood,Comp,3,0.0
Tales From The Hood,Member,1,0.0
Tangerine,Adult,6,48.0
Taxi Driver,Adult,56,448.0
Tell Them We Are Rising: The Story of Black Colleges and Universities,Adult,16,156.0
Tell Them We Are Rising: The Story of Black Colleges and Universities,Child,5,32.5
Tell Them We Are Rising: The Story of Black Colleges and Universities,Comp,1,0.0
Tell Them We Are Rising: The Story of Black Colleges and Universities,Member,3,0.0
Tell Them We Are Rising: The Story of Black Colleges and Universities,Senior Citizen,2,16.0
Tell Them We Are Rising: The Story of Black Colleges and Universities,Student,6,49.5
Terminal Island,Adult,12,60.0
The 18th Annual Animation Show of Shows,Adult,68,680.0
The 18th Annual Animation Show of Shows,Student,27,216.0
The 19th Annual Animation Show of Shows,Adult,41,410.0
The 19th Annual Animation Show of Shows,Comp,2,0.0
The 19th Annual Animation Show of Shows,Member,6,0.0
The 19th Annual Animation Show of Shows,Senior Citizen,23,195.5
The 19th Annual Animation Show of Shows,Student,16,136.0
The Aftermath,Adult,118,1116.25
The Aftermath,Comp,4,0.0
The Aftermath,Member,4,0.0
The Aftermath,Senior Citizen,129,1046.25
The Aftermath,Student,53,439.0
The Aftermath,Supporter Admission,2,10.0
The Atomic Cafe,Adult,29,290.0
The Atomic Cafe,Member Screening,18,0.0
The BFG,Adult,79,717.75
The BFG,Child,26,169.0
The BFG,Senior Citizen,26,204.5
The BFG,Student,30,242.25
The Bad Batch,Adult,61,488.0
The Beaches of Agnès,Adult,13,130.0
The Beaches of Agnès,Member,1,0.0
The Beaches of Agnès,Senior Citizen,4,33.0
The Beaches of Agnès,Student,5,42.5
The Beatles: Eight Days a Week - The Touring Years,Adult,373,3492.75
The Beatles: Eight Days a Week - The Touring Years,Child,20,130.0
The Beatles: Eight Days a Week - The Touring Years,Comp,9,0.0
The Beatles: Eight Days a Week - The Touring Years,Member,11,0.0
The Beatles: Eight Days a Week - The Touring Years,Senior Citizen,281,2201.5
The Beatles: Eight Days a Week - The Touring Years,Student,53,431.25
The Beguiled,Adult,512,4641.0
The Beguiled,Comp,2,0.0
The Beguiled,Member,3,0.0
The Beguiled,Senior Citizen,463,3542.0
The Beguiled,Student,88,700.5
The Big Bad Fox and Other Tales…,Smart Kids Comp,87,0.0
The Big Lebowski,Adult,176,1409.25
The Big Lebowski,Comp,4,0.0
The Big Lebowski,Member,5,0.0
The Big Lebowski,Senior,8,60.0
The Big Lebowski,Student,5,37.5
The Big Sick,Adult,581,5328.75
The Big Sick,Comp,5,0.0
The Big Sick,Member,19,0.0
The Big Sick,Senior Citizen,343,2657.0
The Big Sick,Student,143,1159.5
The Biggest Little Farm,Adult,83,793.75
The Biggest Little Farm,Child,3,20.25
The Biggest Little Farm,Comp,2,0.0
The Biggest Little Farm,Member,3,0.0
The Biggest Little Farm,Senior Citizen,68,553.0
The Biggest Little Farm,Student,12,99.0
The Biggest Little Farm,Supporter Admission,1,5.0
The Bird with the Crystal Plumage,Adult,29,232.0
The Bird with the Crystal Plumage,Comp,1,0.0
The Bird with the Crystal Plumage,Member,2,0.0
The Birth of a Nation,Adult,157,1494.75
The Birth of a Nation,Child,6,39.0
The Birth of a Nation,Comp,3,0.0
The Birth of a Nation,Member,4,0.0
The Birth of a Nation,Senior Citizen,58,452.5
The Birth of a Nation,Student,95,771.0
The Black Cat,Adult,19,152.0
The Black Cat,Comp,1,0.0
The Black Cat,Member,2,0.0
The Blob (1988),Adult,23,184.0
The Blob (1988),Member,2,0.0
The Book of Life,Comp,36,0.0
The Cakemaker,Adult,71,710.0
The Cakemaker,Series Pass,13,0.0
The Clan,Adult,18,180.0
The Clan,Member,2,0.0
The Clan,Senior Citizen,13,110.5
The Clan,Student,11,93.5
The Clovehitch Killer,Adult,48,384.0
The Clovehitch Killer,Member,4,0.0
The Club,Adult,28,280.0
The Club,Comp,2,0.0
The Club,Member,1,0.0
The Club,Senior Citizen,16,136.0
The Club,Student,4,34.0
The Dead Don't Die,Adult,100,838.25
The Dead Don't Die,Comp,1,0.0
The Dead Don't Die,Member,2,0.0
The Dead Don't Die,Senior,1,8.0
The Dead Don't Die,Senior Citizen,4,33.0
The Dead Don't Die,Student,8,68.0
The Dead Don't Die,Supporter Admission,1,5.0
The Death of Stalin,Adult,290,2731.25
The Death of Stalin,Comp,7,0.0
The Death of Stalin,Member,4,0.0
The Death of Stalin,Senior Citizen,116,941.0
The Death of Stalin,Student,64,533.0
The Death of Stalin,Supporter Admission,5,25.0
The Endless,Adult,87,764.0
The Endless,Comp,1,0.0
The Endless,Member,3,0.0
The Endless,Senior Citizen,6,49.5
The Endless,Student,2,17.0
The Exorcist,Adult,17,136.0
The Exorcist,Comp,3,0.0
The Exorcist,Member,1,0.0
The Farewell,Adult,239,2235.0
The Farewell,Comp,6,0.0
The Farewell,Discount,7,42.0
The Farewell,Member,3,0.0
The Farewell,Mogul,2,0.0
The Farewell,Senior Citizen,153,1237.75
The Farewell,Student,93,772.5
The Farewell,Supporter Admission,7,35.0
The Favourite,Adult,346,3267.5
The Favourite,Child,1,6.75
The Favourite,Comp,16,0.0
The Favourite,Member,8,0.0
The Favourite,Senior Citizen,221,1789.0
The Favourite,Student,132,1092.5
The Favourite,Supporter Admission,1,5.0
The Florida Project,Adult,385,3615.75
The Florida Project,Child,1,6.5
The Florida Project,Comp,3,0.0
The Florida Project,Member,18,0.0
The Florida Project,Senior Citizen,218,1697.0
The Florida Project,Student,105,850.5
The Florida Project,Supporter Admission,1,5.0
The Fog,Adult,52,416.0
The Fog,Member,3,0.0
The Friends of Eddie Coyle,Adult,23,230.0
The Friends of Eddie Coyle,Student,1,8.0
The Gospel According to André,Adult,15,138.75
The Gospel According to André,Member,2,0.0
The Gospel According to André,Senior Citizen,8,64.25
The Gospel According to André,Student,6,48.0
The Grand Budapest Hotel,Adult,246,1240.0
The Guilty,Adult,73,693.75
The Guilty,Comp,5,0.0
The Guilty,Member,4,0.0
The Guilty,Senior Citizen,44,357.25
The Guilty,Student,17,141.5
The Handmaid's Tale,Adult,30,240.0
The Handmaiden,Adult,215,1784.75
The Handmaiden,Comp,3,0.0
The Handmaiden,Member,3,0.0
The Handmaiden,Senior Citizen,27,216.0
The Handmaiden,Student,21,173.25
The Heiresses,Adult,23,221.25
The Heiresses,Member,2,0.0
The Heiresses,Senior Citizen,19,155.75
The Heiresses,Student,3,25.0
The Hero,Adult,55,453.75
The Hero,Senior Citizen,56,420.0
The Hero,Student,12,90.0
The Howling,Adult,8,64.0
The Howling,Member,1,0.0
The Innocents,Adult,93,767.25
The Innocents,Child,1,6.5
The Innocents,Senior Citizen,137,1027.5
The Innocents,Student,18,135.0
The Insult,Adult,56,538.75
The Insult,Member,3,0.0
The Insult,Senior Citizen,53,430.25
The Insult,Student,34,281.5
The Kid,Smart Kids Comp,58,0.0
The Killing,Adult,72,579.25
The Killing,Comp,11,0.0
The Killing,Senior,2,15.0
The Killing,Student,1,7.5
The Killing of a Sacred Deer,Adult,106,1033.5
The Killing of a Sacred Deer,Comp,1,0.0
The Killing of a Sacred Deer,Member,4,0.0
The Killing of a Sacred Deer,Senior Citizen,5,40.0
The Killing of a Sacred Deer,Student,38,313.5
The Lady from Shanghai,Adult,37,299.5
The Lady from Shanghai,Comp,6,0.0
The Lady from Shanghai,Member,2,0.0
The Lady from Shanghai,Senior,11,82.5
The Last Black Man in San Francisco,Adult,321,3043.75
The Last Black Man in San Francisco,Comp,2,0.0
The Last Black Man in San Francisco,Member,9,0.0
The Last Black Man in San Francisco,Mogul,1,0.0
The Last Black Man in San Francisco,Senior Citizen,255,2071.0
The Last Black Man in San Francisco,Student,72,600.0
The Last Black Man in San Francisco,Supporter Admission,6,30.0
The Little Hours,Adult,122,1189.5
The Little Hours,Senior Citizen,11,88.0
The Little Hours,Student,54,445.5
The Lost City of Z,Adult,273,2495.25
The Lost City of Z,Comp,3,0.0
The Lost City of Z,Member,5,0.0
The Lost City of Z,Senior Citizen,154,1188.5
The Lost City of Z,Student,107,855.75
The Love Witch,Comp,101,0.0
The Lovers,Adult,180,1647.0
The Lovers,Member,5,0.0
The Lovers,Senior Citizen,242,1869.0
The Lovers,Student,27,213.0
The Lure,Adult,101,984.75
The Lure,Member,4,0.0
The Lure,Senior Citizen,12,96.0
The Lure,Student,46,379.5
The Man Who Killed Don Quixote,Adult,68,637.5
The Man Who Killed Don Quixote,Comp,3,0.0
The Man Who Killed Don Quixote,Member,3,0.0
The Man Who Killed Don Quixote,Senior Citizen,33,267.25
The Man Who Killed Don Quixote,Student,9,74.0
The Man Who Killed Don Quixote,Supporter Admission,1,5.0
The Matrix,Adult,44,352.0
The Miseducation of Cameron Post,Adult,127,1212.5
The Miseducation of Cameron Post,Comp,1,0.0
The Miseducation of Cameron Post,Member,6,0.0
The Miseducation of Cameron Post,Senior Citizen,42,340.75
The Miseducation of Cameron Post,Student,69,577.5
The Miseducation of Cameron Post,Supporter Admission,2,10.0
The Mulberry House,Adult,34,340.0
The Mulberry House,Student,3,24.0
The Muppet Christmas Carol,Adult,29,239.25
The Muppet Christmas Carol,Child,12,78.0
The Muppet Christmas Carol,Senior Citizen,2,15.0
The Muppet Christmas Carol,Student,12,90.0
The Night of the Hunter,Adult,50,484.25
The Night of the Hunter,Senior,7,52.5
The Night of the Hunter,Student,1,7.5
The Nightingale,Adult,30,240.0
The Nightingale,Comp,2,0.0
The Nightingale,Member,3,0.0
The Nutcracker (NYC Ballet),Adult,28,350.0
The Nutcracker (NYC Ballet),Senior Citizen,2,20.0
The Nutcracker (NYC Ballet),Student,24,240.0
The Nutty Professor,Adult,7,68.25
The Nutty Professor,Member,3,0.0
The Nutty Professor,Senior Citizen,3,24.0
The Old Man & the Gun,Adult,404,3786.25
The Old Man & the Gun,Comp,14,0.0
The Old Man & the Gun,Member,11,0.0
The Old Man & the Gun,Senior Citizen,808,6515.0
The Old Man & the Gun,Student,55,455.5
The Old Man & the Gun,Supporter Admission,3,15.0
The Ornithologist,Comp,3,0.0
The Oscar Nominated Short Films 2017: Animation,Adult,363,3395.25
The Oscar Nominated Short Films 2017: Animation,Child,6,39.0
The Oscar Nominated Short Films 2017: Animation,Comp,5,0.0
The Oscar Nominated Short Films 2017: Animation,Member,2,0.0
The Oscar Nominated Short Films 2017: Animation,Senior Citizen,110,848.5
The Oscar Nominated Short Films 2017: Animation,Student,247,2001.75
The Oscar Nominated Short Films 2017: Documentary,Adult,42,409.5
The Oscar Nominated Short Films 2017: Documentary,Member,4,0.0
The Oscar Nominated Short Films 2017: Documentary,Senior Citizen,53,424.0
The Oscar Nominated Short Films 2017: Documentary,Student,21,173.25
The Oscar Nominated Short Films 2017: Live Action,Adult,158,1422.0
The Oscar Nominated Short Films 2017: Live Action,Comp,2,0.0
The Oscar Nominated Short Films 2017: Live Action,Member,6,0.0
The Oscar Nominated Short Films 2017: Live Action,Senior Citizen,182,1415.0
The Oscar Nominated Short Films 2017: Live Action,Student,67,529.5
The Oscar Nominated Short Films 2018: Animation,Adult,137,1139.25
The Oscar Nominated Short Films 2018: Animation,Child,4,26.0
The Oscar Nominated Short Films 2018: Animation,Member,5,0.0
The Oscar Nominated Short Films 2018: Animation,Senior Citizen,93,702.0
The Oscar Nominated Short Films 2018: Animation,Student,47,354.5
The Oscar Nominated Short Films 2018: Animation,Supporter Admission,1,5.0
The Oscar Nominated Short Films 2018: Documentary,Adult,123,1105.25
The Oscar Nominated Short Films 2018: Documentary,Comp,2,0.0
The Oscar Nominated Short Films 2018: Documentary,Member,7,0.0
The Oscar Nominated Short Films 2018: Documentary,Senior Citizen,92,712.5
The Oscar Nominated Short Films 2018: Documentary,Student,18,142.0
The Oscar Nominated Short Films 2018: Documentary,Supporter Admission,1,5.0
The Oscar Nominated Short Films 2018: Live Action,Adult,127,1136.25
The Oscar Nominated Short Films 2018: Live Action,Child,3,19.5
The Oscar Nominated Short Films 2018: Live Action,Comp,1,0.0
The Oscar Nominated Short Films 2018: Live Action,Member,12,0.0
The Oscar Nominated Short Films 2018: Live Action,Senior Citizen,115,875.0
The Oscar Nominated Short Films 2018: Live Action,Student,35,275.0
The Oscar Nominated Short Films 2018: Live Action,Supporter Admission,1,5.0
The Oscar Nominated Short Films 2019: Documentary,Adult,50,462.5
The Oscar Nominated Short Films 2019: Documentary,Child,1,6.75
The Oscar Nominated Short Films 2019: Documentary,Comp,2,0.0
The Oscar Nominated Short Films 2019: Documentary,Member,6,0.0
The Oscar Nominated Short Films 2019: Documentary,Senior Citizen,68,549.25
The Oscar Nominated Short Films 2019: Documentary,Student,14,114.5
The Oscar Nominated Short Films 2019: Documentary,Supporter Admission,2,10.0
The Oscar Nominated Short Films 2019: Live Action,Adult,114,1042.5
The Oscar Nominated Short Films 2019: Live Action,Comp,1,0.0
The Oscar Nominated Short Films 2019: Live Action,Member,6,0.0
The Oscar Nominated Short Films 2019: Live Action,Senior Citizen,91,733.25
The Oscar Nominated Short Films 2019: Live Action,Student,41,336.0
The Oscar Nominated Short Films 2019: Live Action,Supporter Admission,1,5.0
The Party,Adult,110,1042.5
The Party,Member,5,0.0
The Party,Senior Citizen,77,623.25
The Party,Student,14,116.0
The Passion of Joan of Arc,Adult,23,230.0
The Passion of Joan of Arc,Member,5,0.0
The Passion of Joan of Arc,Senior Citizen,8,66.0
The Passion of Joan of Arc,Student,9,76.5
The People vs. Fritz Bauer,Adult,19,177.75
The People vs. Fritz Bauer,Comp,2,0.0
The People vs. Fritz Bauer,Member,3,0.0
The People vs. Fritz Bauer,Senior Citizen,19,150.0
The People vs. Fritz Bauer,Student,11,90.75
The Phantom of the Opera,Adult,124,1488.0
The Ranger,Comp,18,0.0
The Red Turtle,Smart Kids Comp,12,0.0
The River and the Wall,Adult,70,700.0
The River and the Wall,Child,1,6.75
The River and the Wall,Member,1,0.0
The River and the Wall,Senior Citizen,78,643.5
The River and the Wall,Student,14,119.0
The Rocky Horror Picture Show,Adult,1860,18504.0
The Rocky Horror Picture Show,Comp,9,0.0
The Rocky Horror Picture Show,Member,6,0.0
The Rocky Horror Picture Show,Special Event,847,8470.0
The Room,Adult,1715,13720.0
The Room,Comp,13,0.0
The Room,Member,5,0.0
The Salesman,Adult,79,723.75
The Salesman,Member,2,0.0
The Salesman,Senior Citizen,100,771.5
The Salesman,Student,79,636.75
The Sandlot,Adult,20,160.0
The Second Mother,Adult,29,290.0
The Second Mother,Member,3,0.0
The Second Mother,Senior Citizen,17,144.5
The Second Mother,Student,25,212.5
The Secret World of Arrietty,Smart Kids Comp,22,0.0
The Shape of Water,Adult,990,8945.0
The Shape of Water,Child,2,13.0
The Shape of Water,Comp,15,0.0
The Shape of Water,Member,30,0.0
The Shape of Water,Senior Citizen,329,2528.0
The Shape of Water,Student,310,2460.5
The Shape of Water,Supporter Admission,5,25.0
The Shocktober Film Festival,Adult,17,255.0
The Shocktober Film Festival,Member - Special Event,3,36.0
The Shocktober Film Festival,Shocktober Pass Admission,1,0.0
The Son of Joseph,Adult,12,120.0
The Son of Joseph,Comp,29,0.0
The Texas Chain Saw Massacre,Adult,119,952.0
The Texas Chain Saw Massacre,Member,2,0.0
The Texas Chainsaw Massacre 2,Adult,34,272.0
The Texas Chainsaw Massacre 2,Comp,3,0.0
The Texas Chainsaw Massacre 2,Member,1,0.0
The Treasure of the Sierra Madre,Adult,18,169.5
The Treasure of the Sierra Madre,Senior Citizen,18,138.0
The Treasure of the Sierra Madre,Student,10,82.0
The Trip to Spain,Adult,86,780.0
The Trip to Spain,Comp,1,0.0
The Trip to Spain,Member,2,0.0
The Trip to Spain,Senior Citizen,99,763.5
The Trip to Spain,Student,10,80.25
The Umbrellas of Cherbourg,Adult,57,570.0
The Umbrellas of Cherbourg,Comp,3,0.0
The Umbrellas of Cherbourg,Member,7,0.0
The United States of Autism,Adult,38,380.0
The United States of Autism,Member,1,0.0
The Vessel,Adult,15,123.75
The Vessel,Senior Citizen,12,90.0
The Vessel,Student,2,15.0
The Void,Adult,130,1040.0
The Wailing,Adult,114,914.5
The Wailing,Comp,3,0.0
The Wailing,Member,1,0.0
The Wailing,Senior,1,7.5
The Wailing,Student,2,15.0
The Wife,Adult,265,2476.25
The Wife,Comp,6,0.0
The Wife,Member,7,0.0
The Wife,Senior Citizen,541,4363.5
The Wife,Student,39,319.5
The Wound,Adult,45,431.25
The Wound,Comp,1,0.0
The Wound,Member,3,0.0
The Wound,Senior Citizen,6,46.5
The Wound,Student,15,123.0
The Zookeeper's Wife,Adult,418,3780.0
The Zookeeper's Wife,Child,5,32.5
The Zookeeper's Wife,Member,10,0.0
The Zookeeper's Wife,Senior Citizen,530,4060.5
The Zookeeper's Wife,Student,118,941.25
Thelma & Louise,Adult,15,150.0
Thelma & Louise,Member,1,0.0
Thelma & Louise,Senior Citizen,5,41.25
Thelma & Louise,Student,3,25.5
They Shall Not Grow Old,Adult,217,2112.5
They Shall Not Grow Old,Comp,5,0.0
They Shall Not Grow Old,Member,5,0.0
They Shall Not Grow Old,Senior Citizen,134,1096.25
They Shall Not Grow Old,Student,31,262.0
This Is Home: A Refugee Story,Adult,9,90.0
This Is Home: A Refugee Story,Child,1,6.75
This Is Home: A Refugee Story,Member,1,0.0
This Is Home: A Refugee Story,Senior Citizen,12,99.0
This Is Home: A Refugee Story,Student,1,8.5
Thoroughbreds,Adult,184,1771.25
Thoroughbreds,Child,1,6.75
Thoroughbreds,Comp,2,0.0
Thoroughbreds,Member,6,0.0
Thoroughbreds,Senior Citizen,17,138.25
Thoroughbreds,Student,38,320.0
"Three BIllboards Outside Ebbing, Missouri",Adult,625,5670.75
"Three BIllboards Outside Ebbing, Missouri",Comp,13,0.0
"Three BIllboards Outside Ebbing, Missouri",Member,18,0.0
"Three BIllboards Outside Ebbing, Missouri",Senior Citizen,365,2806.0
"Three BIllboards Outside Ebbing, Missouri",Student,160,1262.25
"Three BIllboards Outside Ebbing, Missouri",Supporter Admission,1,5.0
Three Identical Strangers,Adult,703,6611.25
Three Identical Strangers,Child,11,74.25
Three Identical Strangers,Comp,14,0.0
Three Identical Strangers,Member,6,0.0
Three Identical Strangers,Senior Citizen,519,4201.0
Three Identical Strangers,Student,146,1213.0
Three Identical Strangers,Supporter Admission,3,15.0
Tickled,Adult,182,1774.5
Tickled,Comp,2,0.0
Tickled,Senior Citizen,17,136.0
Tickled,Student,65,536.25
Time Bandits,Adult,56,560.0
Time Bandits,Child,5,25.0
Time Bandits,Member - Special Event,12,102.0
Time for Ilhan,Adult,5,50.0
Time for Ilhan,Member,3,0.0
Time for Ilhan,Senior Citizen,2,16.5
Time for Ilhan,Student,2,17.0
Tito and the Birds,Smart Kids Comp,83,0.0
To Be Or Not to Be,Adult,76,760.0
To Be Or Not to Be,Student,10,80.0
Todo el año es navidad,Adult,6,60.0
Todo el año es navidad,Comp,1,0.0
Todo el año es navidad,Member,1,0.0
Todo el año es navidad,Senior Citizen,2,16.5
Tom of Finland,Adult,115,1065.75
Tom of Finland,Comp,2,0.0
Tom of Finland,Member,7,0.0
Tom of Finland,Senior Citizen,27,207.0
Tom of Finland,Student,29,234.0
Tommy,Adult,17,136.0
Tommy,Member,3,0.0
Toni Erdmann,Adult,35,288.75
Toni Erdmann,Comp,2,0.0
Toni Erdmann,Member,2,0.0
Toni Erdmann,Senior Citizen,35,262.5
Toni Erdmann,Student,8,60.0
Toni Morrison: The Pieces I am ,Adult,22,211.25
Toni Morrison: The Pieces I am ,Comp,2,0.0
Toni Morrison: The Pieces I am ,Senior Citizen,38,308.75
Toni Morrison: The Pieces I am ,Student,7,58.5
Tony Conrad: Completely in the Present,Adult,38,304.0
Too Late to Die Young ,Adult,27,251.25
Too Late to Die Young ,Member,3,0.0
Too Late to Die Young ,Senior Citizen,22,178.0
Too Late to Die Young ,Student,8,65.5
Transit,Adult,32,307.5
Transit,Member,3,0.0
Transit,Senior Citizen,29,236.0
Transit,Student,9,74.5
Trespassing Bergman,Adult,4,35.0
Trespassing Bergman,Double Feature,5,35.0
Trespassing Bergman,Member,4,0.0
Truth or Dare,Comp,5,0.0
Twin Peaks: Fire Walk with Me ,Adult,111,888.0
Twister,Adult,58,464.0
Velvet Goldmine,Adult,13,104.0
Velvet Goldmine,Member,3,0.0
Viceroy's House,Adult,88,807.0
Viceroy's House,Member,8,0.0
Viceroy's House,Senior Citizen,150,1153.5
Viceroy's House,Student,17,135.0
Viceroy's House,Supporter Admission,1,5.0
Victoria and Abdul,Adult,464,4119.0
Victoria and Abdul,Child,6,39.0
Victoria and Abdul,Comp,2,0.0
Victoria and Abdul,Member,20,0.0
Victoria and Abdul,Senior Citizen,936,7164.0
Victoria and Abdul,Student,80,640.5
Victoria and Abdul,Supporter Admission,2,10.0
Warehoused,Adult,21,210.0
Weiner,Adult,46,368.5
Weiner,Child,1,7.5
Weiner,Student,1,7.75
Wendy and Lucy,Adult,29,290.0
Wendy and Lucy,Member,2,0.0
Wendy and Lucy,Senior Citizen,21,178.5
Wendy and Lucy,Student,5,42.5
What Ever Happened to Baby Jane?,Adult,55,533.25
What Ever Happened to Baby Jane?,Child,1,6.5
What Ever Happened to Baby Jane?,Senior Citizen,13,102.5
What Ever Happened to Baby Jane?,Student,2,15.0
Whose Streets?,Adult,32,320.0
Whose Streets?,Comp,1,0.0
Whose Streets?,Senior Citizen,13,110.5
Whose Streets?,Student,17,144.5
Why Don’t You Play in Hell?,Adult,18,144.0
Why Don’t You Play in Hell?,Member,3,0.0
Wild & Scenic Film Festival 2017,Adult,149,1490.0
Wild & Scenic Film Festival 2017,Comp,5,0.0
Wild & Scenic Film Festival 2017,PRN Benefactor,18,540.0
Wild Nights with Emily,Adult,56,507.5
Wild Nights with Emily,Comp,3,0.0
Wild Nights with Emily,Member,3,0.0
Wild Nights with Emily,Senior Citizen,51,409.0
Wild Nights with Emily,Student,18,149.5
Wild Nights with Emily,Supporter Admission,1,5.0
Wildlife,Adult,142,1311.25
Wildlife,Comp,6,0.0
Wildlife,Member,3,0.0
Wildlife,Senior Citizen,129,1042.25
Wildlife,Student,38,316.0
Wildlife,Supporter Admission,1,5.0
Willy Wonka & the Chocolate Factory,Adult,18,148.5
Willy Wonka & the Chocolate Factory,Child,11,71.5
Willy Wonka & the Chocolate Factory,Senior Citizen,6,45.0
Willy Wonka & the Chocolate Factory,Student,4,30.0
Woman at War,Adult,42,392.5
Woman at War,Member,3,0.0
Woman at War,Senior Citizen,36,291.5
Woman at War,Student,14,114.5
Won't You Be My Neighbor?,Adult,2050,19128.75
Won't You Be My Neighbor?,Child,74,499.5
Won't You Be My Neighbor?,Comp,24,0.0
Won't You Be My Neighbor?,Member,16,0.0
Won't You Be My Neighbor?,Senior Citizen,809,6534.0
Won't You Be My Neighbor?,Student,267,2205.0
Yellow Submarine,Adult,122,1132.5
Yellow Submarine,Child,21,141.75
Yellow Submarine,Comp,2,0.0
Yellow Submarine,Member,4,0.0
Yellow Submarine,Senior Citizen,29,235.5
Yellow Submarine,Student,21,175.5
You Were Never Really Here,Adult,159,1486.25
You Were Never Really Here,Comp,2,0.0
You Were Never Really Here,Member,5,0.0
You Were Never Really Here,Senior Citizen,29,234.25
You Were Never Really Here,Student,30,248.5
Your Name.,Adult,696,5601.0
Your Name.,Child,19,123.5
Your Name.,Member,6,0.0
Your Name.,Senior,40,300.0
Your Name.,Student,79,592.5
Zama,Adult,20,195.0
Zama,Member,2,0.0
Zama,Senior Citizen,2,16.25
Zama,Student,8,67.0
Zama,Supporter Admission,1,5.0
Zarafa,Smart Kids Comp,119,0.0
